screen name,average # tweets per day
adriannalunaxxx,9.270833333333334
clubalektrablue,11.979166666666666
alexismonroexxx,7.108695652173913
alexis_texas,6.8936170212765955
alliehaze,10.666666666666666
anafoxxx,10.125
andysandimas,11.0625
anikkaalbrite,18.604166666666668
asaakira,1.7391304347826086
bobbistarr,1.5
thebonnierotten,33.27777777777778
